{"count":1,"self":5455.4001407999995,"total":8326.3292972999989,"children":{"InitializeActuators":{"count":1,"self":0.0010027999999999999,"total":0.0010027999999999999,"children":null},"InitializeSensors":{"count":1,"self":0.0020001999999999997,"total":0.0020001999999999997,"children":null},"AgentSendState":{"count":381897,"self":2.3336419999999998,"total":1165.4652895,"children":{"CollectObservations":{"count":381897,"self":3.5028615999999997,"total":3.5028618,"children":null},"WriteActionMask":{"count":381897,"self":0.36458209999999996,"total":0.36458209999999996,"children":null},"RequestDecision":{"count":381897,"self":0.73358879999999993,"total":1159.2642036,"children":{"AgentInfo.ToProto":{"count":381897,"self":1.8185479999999998,"total":1158.5306148,"children":{"GenerateSensorData":{"count":381897,"self":13.533631999999999,"total":1156.7120668,"children":{"CameraSensor.GetCompressedObservation":{"count":381897,"self":1143.1784447999999,"total":1143.1784344,"children":null}}}}}}}}},"DecideAction":{"count":381897,"self":1699.8746112,"total":1699.8746156,"children":null},"AgentAct":{"count":381897,"self":4.6985868,"total":5.5852536,"children":{"AgentInfo.ToProto":{"count":381,"self":0.0019142999999999999,"total":0.88666689999999992,"children":{"GenerateSensorData":{"count":381,"self":0.0126736,"total":0.8847526,"children":{"CameraSensor.GetCompressedObservation":{"count":381,"self":0.87207899999999994,"total":0.87207899999999994,"children":null}}}}}}}},"gauges":{"Config Ant Agent.CumulativeReward":{"count":381,"max":-0.9800178,"min":-1.00001872,"runningAverage":-0.9999662,"value":-1.00001872,"weightedAverage":-1.0000186}},"metadata":{"timer_format_version":"0.1.0","start_time_seconds":"1729022394","unity_version":"2022.3.0f1","command_line_arguments":"C:\\Users\\antoi\\Documents\\Projects\\Git\\Articulated-Animal-AI-Environment\\Build\/RL Environment.exe --mlagents-port 5006","communication_protocol_version":"1.5.0","com.unity.ml-agents_version":"2.0.1","scene_name":"Level Scene","end_time_seconds":"1729030720"}}